Country Name;Country Code;Year;Year Code;Current health expenditure (% of GDP) [SH.XPD.CHEX.GD.ZS];Current health expenditure per capita (current US$) [SH.XPD.CHEX.PC.CD];Domestic general government health expenditure (% of current health expenditure) [SH.XPD.GHED.CH.ZS];Domestic general government health expenditure (% of GDP) [SH.XPD.GHED.GD.ZS];Domestic general government health expenditure per capita (current US$) [SH.XPD.GHED.PC.CD];Domestic private health expenditure per capita (current US$) [SH.XPD.PVTD.PC.CD];Domestic private health expenditure (% of current health expenditure) [SH.XPD.PVTD.CH.ZS];External health expenditure per capita (current US$) [SH.XPD.EHEX.PC.CD];Out-of-pocket expenditure (% of current health expenditure) [SH.XPD.OOPC.CH.ZS];Out-of-pocket expenditure per capita (current US$) [SH.XPD.OOPC.PC.CD];Physicians (per 1,000 people) [SH.MED.PHYS.ZS];Hospital beds (per 1,000 people) [SH.MED.BEDS.ZS];Nurses and midwives (per 1,000 people) [SH.MED.NUMW.P3];Life expectancy at birth, total (years) [SP.DYN.LE00.IN];Mortality rate, infant (per 1,000 live births) [SP.DYN.IMRT.IN];Maternal mortality ratio (modeled estimate, per 100,000 live births) [SH.STA.MMRT];Mortality rate, under-5 (per 1,000) [SH.DYN.MORT]
Afghanistan;AFG;2020;YR2020;15.53361416;80.0892334;7.63642311;1.18621242;6.11595245;61.05325142;76.23153687;12.9200274;74.81396484;59.91792599;0.254;0.34;..;61.454;55.3;634;61.3
Albania;ALB;2020;YR2020;7.50389433;396.17477417;39.84601212;2.99000263;157.8598434;235.63640505;59.47789001;2.67851936;59.39613342;235.31249191;1.883;2.91;5.831;77.824;8.1;7;9.4
Algeria;DZA;2020;YR2020;5.63831711;211.07276917;58.73843765;3.31185937;123.98084324;87.00733874;41.22148895;0.08457764;39.64334869;83.67631674;..;..;..;73.257;20.4;97;22.9
American Samoa;ASM;2020;YR2020;..;..;..;..;..;..;..;..;..;..;..;..;..;72.672;..;..;..
Andorra;AND;2020;YR2020;8.78673935;3282.81738281;72.60459137;6.37670708;2382.4043855;900.4129451;27.44039154;..;11.15107918;366.06957101;..;..;..;79.418;2.7;48;2.9
Angola;AGO;2020;YR2020;3.27488494;55.93916321;51.92151642;1.70036995;29.04446365;23.85419986;42.64310837;3.04050006;28.66170883;16.03312106;..;..;..;63.116;42.3;195;71.6
Antigua and Barbuda;ATG;2020;YR2020;5.72944784;883.50018311;62.28354263;3.56850314;550.27520503;332.02606956;37.58075714;1.19889816;21.96622849;194.07167848;..;3.29;..;77.161;7.8;35;10.1
Argentina;ARG;2020;YR2020;10.45030594;891.99621582;63.98451233;6.68657732;570.7394389;318.76635272;35.73628998;2.4904558;21.75679016;194.06975669;3.895;3.2;5.447;75.878;8.7;40;10.3
Armenia;ARM;2020;YR2020;12.24056244;535.2723999;19.2535038;2.35673714;103.05868926;426.30760083;79.64311218;5.90612748;77.84781647;416.69788517;..;4.59;..;73.3756097560976;10.2;43;11.6
Aruba;ABW;2020;YR2020;..;..;..;..;..;..;..;..;..;..;..;..;..;75.406;..;..;..
Australia;AUS;2020;YR2020;10.66040134;5952.890625;73.68559265;7.85518026;4386.42303423;1566.46775327;26.31440544;0;14.88613701;886.15545357;3.906;..;13.29;83.2;3.2;5;3.8
Austria;AUT;2020;YR2020;11.31641102;5531.0234375;76.85112;8.69678879;4250.65324047;1280.36987015;23.1488781;0;16.47193336;911.06650465;5.324;7.06;10.77;81.1926829268293;2.9;6;3.4
Azerbaijan;AZE;2020;YR2020;5.84817696;245.21949768;39.81031418;2.32817769;97.62265976;147.01252396;59.95139694;0.58430739;57.828125;141.80584082;3.093;..;5.719;70.312;15.6;21;21.3
Bahamas, The;BHS;2020;YR2020;7.59303093;1871.10473633;59.67695618;4.53128958;1116.61827306;746.64723512;39.90408707;7.83923021;22.40900993;419.29601493;..;2.69;..;72.994;11.8;84;13.3
Bahrain;BHR;2020;YR2020;4.7196188;1101.79211426;62.92515945;2.96982765;693.30444194;408.48760102;37.07483673;0;26.28821754;289.6415038;..;..;..;78.683;6.6;7;8
Bangladesh;BGD;2020;YR2020;2.27063942;51.00624084;18.04669762;0.40977541;9.20494145;39.0436248;76.54676056;2.75767155;74.00198364;37.74562899;0.656;..;0.481;71.421;24.9;152;31.5
Barbados;BRB;2020;YR2020;7.27405739;1234.30041504;49.382061;3.59207964;609.5229833;615.45086176;49.86232376;9.32655006;42.93118668;529.89978708;2.626;5.66;..;76.647;10.2;39;11.1
Belarus;BLR;2020;YR2020;6.40607214;420.43655396;70.88408661;4.54088545;298.02258542;121.15730677;28.81702614;1.25666415;24.76618576;104.1260906;4.47;..;10.52;72.1385609756098;2.2;2;2.9
Belgium;BEL;2020;YR2020;11.26481915;5144.98144531;78.12389374;8.80051517;4019.45971661;1125.52179449;21.87611008;0;17.18937492;884.39019439;3.208;5.52;20.13;80.6951219512195;3.2;4;3.9
Belize;BLZ;2020;YR2020;5.35447645;280.52630615;71.1019516;3.80713725;199.45967045;72.83619189;25.96412086;8.23043974;20.86414528;58.52941566;..;..;..;71.58;11.1;88;13.2
Benin;BEN;2020;YR2020;2.7123611;32.55360031;19.12104797;0.51863188;6.22458967;17.41836973;53.50673676;8.91064346;46.80970383;15.23824423;..;0.47;..;60.154;50.4;578;85.5
Bermuda;BMU;2020;YR2020;..;..;..;..;..;..;..;..;..;..;..;..;..;81.456;..;..;..
Bhutan;BTN;2020;YR2020;4.08451509;134.13723755;78.00773621;3.18623781;104.63741452;22.60981596;16.85573578;6.89000191;15.42465878;20.6902098;0.484;2.12;2.075;72.253;20.3;51;25.5
Bolivia;BOL;2020;YR2020;8.0225811;248.69514465;72.32567596;5.80238628;179.87045259;61.95996102;24.91402054;6.86473288;20.89839554;51.97329408;0.952;1.36;1.451;62.906;22.2;218;25.7
Bosnia and Herzegovina;BIH;2020;YR2020;9.70311832;594.8225708;69.60146332;6.75351286;414.0052326;173.42467452;29.15569878;7.39264687;28.86445999;171.69232558;..;..;..;76.04;5.8;7;6.6
Botswana;BWA;2020;YR2020;6.1213398;386.28860474;73.34910583;4.48994827;283.33924769;80.83717305;20.92662621;22.1122052;4.9515481;19.127267;0.402;2.26;3.052;67.643;41.5;98;43.9
Brazil;BRA;2020;YR2020;9.62326527;680.76843262;43.35228729;4.17190552;295.12869329;384.59853279;56.49476242;1.04122053;26.09086418;177.61837681;..;2.43;..;74.506;12.8;85;14.9
British Virgin Islands;VGB;2020;YR2020;..;..;..;..;..;..;..;..;..;..;..;..;..;76.894;12.7;..;13.9
Brunei Darussalam;BRN;2020;YR2020;2.45178461;657.90374756;94.18547058;2.30922484;619.64980633;38.25399805;5.81452751;0;5.81453037;38.25401758;..;3.88;..;75.114;8.5;39;9.7
Bulgaria;BGR;2020;YR2020;8.48235893;856.70440674;59.84018707;5.07583904;512.65143403;326.66841355;38.13097763;17.38454994;35.52528763;304.34672235;4.249;7.77;4.644;73.3560975609756;5.4;9;6.5
Burkina Faso;BFA;2020;YR2020;6.57714844;54.28778839;43.45897293;2.85835934;23.59289925;20.83828589;38.38487625;9.85660394;34.64081192;18.80573086;0.096;0.2;0.914;60.454;48.7;334;85.3
Burundi;BDI;2020;YR2020;10.71837234;26.21934319;20.14390373;2.15909863;5.28159969;6.10094127;23.26885605;14.83680244;20.45733452;5.36377921;0.07;..;0.631;62.569;34.5;441;54.6
Cabo Verde;CPV;2020;YR2020;6.63319778;235.4349823;66.27593231;4.39621401;156.03674763;64.32326417;27.32102966;15.07497529;25.58811951;60.24338952;..;..;..;73.818;12.5;56;13.3
Cambodia;KHM;2020;YR2020;5.28458023;110.01118469;26.8632679;1.41961098;29.55259838;73.34812094;66.67333221;7.11045868;62.05143356;68.2635163;..;..;..;70.059;22.6;164;25.6
Cameroon;CMR;2020;YR2020;4.25051928;66.17185211;14.27483177;0.60675448;9.44591998;49.63723491;75.01261902;7.08869441;71.87678528;47.56219652;0.097;..;0.481;61.674;45.3;316;74.6
Canada;CAN;2020;YR2020;13.02419472;5649.16943359;73.79806519;9.61160469;4168.97810882;1480.19137504;26.20192719;0;13.71094322;774.55446478;2.433;2.56;10.16;81.5351219512195;4.5;17;5.1
Cayman Islands;CYM;2020;YR2020;..;..;..;..;..;..;..;..;..;..;..;..;..;79.23;..;..;..
Central African Republic;CAF;2020;YR2020;8.98555374;42.634758;13.59414101;1.22150886;5.79582938;21.53189311;50.5031395;15.30703798;49.67552567;21.17904193;..;..;..;50.596;74.5;1296;122.6
Chad;TCD;2020;YR2020;4.4533143;37.73088074;12.67602348;0.56450313;4.78277479;26.88238713;71.24771118;6.06571649;69.76126099;26.32153669;0.06;..;0.2;53.082;63.6;877;111
Channel Islands;CHI;2020;YR2020;..;..;..;..;..;..;..;..;..;..;..;..;..;80.9;..;..;..
Chile;CHL;2020;YR2020;9.68910599;1270.97814941;56.51040649;5.47535276;718.23489415;552.74318761;43.48958969;0;29.04245186;369.12320921;2.808;2.03;4.306;79.349;5.9;12;6.8
China;CHN;2020;YR2020;5.59359741;582.95092773;54.72392273;3.06103587;319.01361894;263.935884;45.27583313;0.00142259;34.791008;202.81450645;2.387;5;3.305;78.019;5.5;20;7.5
Colombia;COL;2020;YR2020;8.71432114;464.9777832;71.28707886;6.21218538;331.46905479;133.5087158;28.71292496;..;14.50628376;67.45099204;2.379;1.69;1.405;74.757;12;94;13.2
Comoros;COM;2020;YR2020;5.902421;89.67817688;21.90417671;1.29287672;19.6432668;59.28348369;66.10692596;10.75142283;61.9016304;55.51225266;0.439;..;1.574;65.756;38.7;198;43.5
Congo, Dem. Rep.;COD;2020;YR2020;3.97694445;20.5593071;16.06189919;0.63877279;3.30221525;9.55138033;46.45769119;7.70571234;39.71793747;8.1657335;..;..;..;60.428;48.4;489;80.7
Congo, Rep.;COG;2020;YR2020;4.01775074;80.09735107;43.1696701;1.73444974;34.57776231;36.71156614;45.83368683;8.80802303;25.19023323;20.17670853;..;..;..;64.391;30.2;247;44.7
Costa Rica;CRI;2020;YR2020;7.82545757;969.89099121;71.80640411;5.61917973;696.44386906;272.13014821;28.05780602;1.31702594;20.28676224;196.75948886;2.451;1.15;6.022;79.725;8.2;34;9.4
Cote d'Ivoire;CIV;2020;YR2020;3.62327886;78.97766876;36.75761032;1.33183074;29.03030455;39.25060079;49.698349;10.69676466;31.99206734;25.26659012;0.165;..;0.736;60.14;50.9;447;73.7
Croatia;HRV;2020;YR2020;7.64949179;1094.53283691;81.77725983;6.25554514;895.07905682;199.42901214;18.22046661;0.0248204;10.44882107;114.36579013;6.959;5.6;7.237;77.5243902439024;4;5;4.7
Cuba;CUB;2020;YR2020;12.48641968;1199.35327148;91.0243454;11.3656826;1091.70347288;106.98241482;8.92000866;0.66736012;8.92000961;106.98242716;9.188;4.19;..;77.407;5.7;40;7.2
Curacao;CUW;2020;YR2020;..;..;..;..;..;..;..;..;..;..;..;..;..;76.501;..;..;..
Cyprus;CYP;2020;YR2020;8.76033878;2483.06005859;71.84690857;6.29403257;1784.00191221;693.37151256;27.92407227;5.68668375;21.36680603;530.55064322;3.364;..;..;81.23;2.6;87;3.2
Czechia;CZE;2020;YR2020;9.15721989;2106.28027344;87.97981262;8.05650425;1853.10118673;253.17889173;12.02019119;0;11.0761776;233.29532137;4.16;6.6;9.203;78.2268292682927;2.4;3;2.9
Denmark;DNK;2020;YR2020;10.71854591;6530.47509766;83.61240387;8.96203327;5460.28705542;1070.18804702;16.38759804;0;13.37706089;873.58565071;4.381;2.59;10.64;81.6024390243903;3.2;4;3.7
Djibouti;DJI;2020;YR2020;2.32228446;66.92816925;46.26971436;1.07451427;30.96746891;22.50074165;33.61924362;13.45995272;31.74741364;21.24796087;..;..;..;64.2;48.8;192;55.6
Dominica;DMA;2020;YR2020;6.12651205;457.01919556;61.95011139;3.79538107;283.12391532;139.38608927;30.49895668;34.50919806;29.65775108;135.5416227;..;3;..;71.269;31.4;47;33.8
Dominican Republic;DOM;2020;YR2020;4.93967104;353.79364014;65.65877533;3.24332738;232.2965556;118.69618592;33.54955292;2.80089514;24.65030479;87.21120687;1.949;1.42;1.893;72.636;30.4;121;33.8
Ecuador;ECU;2020;YR2020;8.6576252;473.01956177;60.7310524;5.25786686;287.26977494;185.00016926;39.110466;0.74962679;31.72368431;150.05923408;2.308;1.32;..;72.004;11.5;91;13.6
Egypt, Arab Rep.;EGY;2020;YR2020;4.15384626;148.35269165;31.92633438;1.32617092;47.3635777;99.32577413;66.95245361;1.66333865;59.31352997;87.99321874;0.683;1.13;..;69.79;17.8;31;19.4
El Salvador;SLV;2020;YR2020;8.95105076;357.78799438;64.75831604;5.7965498;231.6974877;125.10707578;34.96681595;0.9834397;27.421278;98.11003918;..;1.08;..;70.244;10.2;48;11.7
Equatorial Guinea;GNQ;2020;YR2020;3.99582434;230.32144165;21.637537;0.86459798;49.83588786;177.30716888;76.98248291;3.17839163;75.12573242;173.03067735;..;..;..;62.141;54.3;196;78.8
Eritrea;ERI;2020;YR2020;4.31046677;27.66241646;19.52244186;0.84150839;5.400379;13.43426819;48.56505966;8.82776873;48.56505585;13.43426766;0.082;1;..;66.98;27.9;334;39.1
Estonia;EST;2020;YR2020;7.57906437;1789.03417969;77.02276611;5.837605;1377.96368986;410.74105973;22.95881462;0.32947855;21.42827797;383.35921082;3.48;4.46;7.212;78.5951219512195;1.8;6;2.4
Eswatini;SWZ;2020;YR2020;7.07603502;236.25013733;49.98463821;3.53693056;118.08877339;69.45590335;29.39930916;48.70545049;11.32666588;26.7592622;0.14;..;2.471;59.862;47.1;102;49.8
Ethiopia;ETH;2020;YR2020;3.48096275;28.28001595;28.23314095;0.98278511;7.98433651;10.55367996;37.31850815;9.74199922;33.07913589;9.35478487;0.104;..;0.77;65.969;39.6;244;52
Faroe Islands;FRO;2020;YR2020;..;..;..;..;..;..;..;..;..;..;..;..;..;82.6439024390244;..;..;..
Fiji;FJI;2020;YR2020;5.28987408;256.25967407;56.7137413;3.00008559;145.33445184;96.53216546;37.66966629;14.39304779;22.8302269;58.50466507;..;..;..;66.924;21.9;34;27.2
Finland;FIN;2020;YR2020;9.63249588;4736.21435547;81.3332901;7.83442545;3852.11884365;883.80619293;18.66060448;0.289184;16.46622276;779.8755412;3.611;2.83;19.34;81.9317073170732;1.8;9;2.3
France;FRA;2020;YR2020;12.07226849;4747.51367188;76.59496307;9.24674606;3636.35483791;1111.15891583;23.40507889;..;8.98009396;426.33120123;3.323;6;10.25;82.1756097560976;3.3;9;4.2
French Polynesia;PYF;2020;YR2020;..;..;..;..;..;..;..;..;..;..;..;..;..;82.459;..;..;..
Gabon;GAB;2020;YR2020;3.41717625;225.32466125;55.60780716;1.90021682;125.29810525;75.66319269;33.57963181;24.36335999;19.97166824;45.00109315;0.594;..;2.68;67.073;28.5;194;36.2
Gambia, The;GMB;2020;YR2020;3.72824264;26.85589027;65.05052185;2.42524147;17.46989868;7.32419601;27.27221298;2.06179669;17.3896904;4.67015655;0.076;1.11;0.687;64.418;37.2;400;48.9
Georgia;GEO;2020;YR2020;8.34160137;351.94335938;43.88423538;3.66064787;154.44764166;194.70776715;55.32361221;2.78795534;36.06135178;126.91552338;5.161;4.94;5.888;73.509;8.2;30;9.6
Germany;DEU;2020;YR2020;12.6902256;5932.20019531;78.70727539;9.98813057;4669.07310918;1263.12690862;21.2927227;..;11.99145222;711.3569495;4.459;7.8;12.35;81.0414634146342;3.1;4;3.7
Ghana;GHA;2020;YR2020;4.4331708;97.37677765;57.02891159;2.52818918;55.53292191;24.36017893;25.01641273;17.48367918;23.7503624;23.12733893;0.164;..;3.496;64.309;31.4;253;42
Gibraltar;GIB;2020;YR2020;..;..;..;..;..;..;..;..;..;..;..;..;..;83.07;..;..;..
Greece;GRC;2020;YR2020;9.5242157;1674.78417969;53.96727371;5.1399579;903.8350786;768.41393735;45.88138199;2.53507845;33.44511032;560.13341555;6.296;..;3.997;81.2878048780488;3.4;7;4
Greenland;GRL;2020;YR2020;..;..;..;..;..;..;..;..;..;..;..;..;..;71.8507317073171;..;..;..
Grenada;GRD;2020;YR2020;5.3228159;477.34429932;42.98586655;2.28805852;205.19057802;268.60997596;56.27174759;3.54375659;52.33272171;249.80727421;..;..;..;75.019;17;51;18.7
Guam;GUM;2020;YR2020;..;..;..;..;..;..;..;..;..;..;..;..;..;75.529;..;..;..
Guatemala;GTM;2020;YR2020;6.45951891;289.21640015;38.27503586;2.47238302;110.69767336;175.65240895;60.73390579;2.86630203;56.29158783;162.80450243;1.28;0.43;2.308;69.971;19.7;102;23.7
Guinea;GIN;2020;YR2020;3.90094519;41.1027565;19.92493629;0.77726084;8.18969766;27.85443108;67.76779938;5.05862635;57.17256165;23.49949803;..;..;..;59.35;66;528;103.2
Guinea-Bissau;GNB;2020;YR2020;9.0293932;68.1931076;13.29532433;1.20048702;9.06649441;40.42078314;59.27400208;18.70582826;56.38702774;38.45206608;0.191;..;0.772;61.343;47;603;76.6
Guyana;GUY;2020;YR2020;5.4180727;367.11260986;73.35325623;3.97433281;269.28907954;92.13208906;25.09640884;5.69146219;23.08770752;84.75789034;1.405;2.25;3.483;67.751;26.2;109;28.4
Haiti;HTI;2020;YR2020;3.22171092;44.4271965;12.57991219;0.4052884;5.588902;25.26081836;56.85890961;13.57747484;46.90286636;20.83762855;..;5.03;..;63.773;43.8;346;60.4
Honduras;HND;2020;YR2020;9.03509808;212.7419281;38.04241943;3.43717003;80.93218263;119.76921666;56.29788589;12.04054078;50.04225922;106.4608768;0.489;0.71;..;70.864;14.6;57;17.2
Hong Kong SAR, China;HKG;2020;YR2020;..;..;..;..;..;..;..;..;..;..;..;..;..;85.4963414634146;..;..;..
Hungary;HUN;2020;YR2020;7.28760386;1172.83972168;70.47328949;5.13581419;826.53868804;346.30102291;29.52671432;0;26.14737511;306.66678868;3.139;6.76;6.818;75.419512195122;3.4;18;4
Iceland;ISL;2020;YR2020;9.67780685;5692.89111328;83.4431839;8.07546997;4750.32921785;942.56134729;16.55681419;0;14.87056255;846.5648538;4.317;2.83;16.33;83.0634146341463;2;12;2.7
India;IND;2020;YR2020;3.34146094;63.83099747;36.25336838;1.21139216;23.14088483;40.27272716;63.09274673;0.41738282;49.51094055;31.60332623;0.727;1.62;1.728;70.156;28.2;101;32.4
Indonesia;IDN;2020;YR2020;3.42067289;131.8225708;55.17206192;1.88725579;72.72923157;58.43148195;44.32585526;0.66185512;31.19621658;41.12365592;0.627;1.4;3.978;68.817;18.6;184;22.8
Iran, Islamic Rep.;IRN;2020;YR2020;5.40149546;201.4589386;51.421772;2.7775445;103.59375585;97.84598226;48.56869507;0.01920974;37.30069733;75.14558963;..;..;..;74.141;11.7;34;13
Iraq;IRQ;2020;YR2020;5.76473284;248.04725647;45.03430557;2.59610724;111.70636628;135.5856325;54.66120529;0.75526454;54.66120911;135.58564246;0.913;1.2;2.256;69.651;22.9;63;24.9
Ireland;IRL;2020;YR2020;7.06342745;6098.26660156;78.03440857;5.51190376;4758.74618327;1339.52019337;21.96558952;..;10.93066502;666.58108854;3.484;2.91;18.43;82.4560975609756;3.1;6;3.5
Isle of Man;IMN;2020;YR2020;..;..;..;..;..;..;..;..;..;..;..;..;..;80.591;..;..;..
Israel;ISR;2020;YR2020;7.70120192;3616.50219727;67.88335419;5.22783422;2455.00278784;1137.53446912;31.45399857;23.96477248;20.42716408;738.74877162;3.584;3.07;5.675;82.6487804878049;2.8;3;3.5
Italy;ITA;2020;YR2020;9.62485981;3062.09838867;75.92874908;7.30803585;2325.01312602;737.08531181;24.07124901;..;21.45823479;657.07225754;3.997;3.18;6.56;82.1951219512195;2.5;8;3
Jamaica;JAM;2020;YR2020;6.62580395;323.30215454;68.25802612;4.52264309;220.67967477;97.66630563;30.20898819;4.95617355;14.74550629;47.67253911;..;1.71;..;71.452;18;126;19
Japan;JPN;2020;YR2020;11.20903683;4486.63671875;85.1534729;9.54488373;3820.52704059;666.10985831;14.84652996;0;11.70563507;525.18934049;2.614;12.72;12.45;84.56;1.8;4;2.4
Jordan;JOR;2020;YR2020;7.11578226;286.19711304;39.04485321;2.77834678;111.74524737;160.31618634;56.01600266;14.13567893;37.53126144;107.41338746;..;1.37;..;75.583;13.3;41;14.4
Kazakhstan;KAZ;2020;YR2020;3.75300956;329.57086182;65.80332184;2.46960497;216.86857244;112.59634535;34.16453171;0.10594467;27.74455261;91.43795977;4.028;6.72;6.939;71.195;8;18;10.1
Kenya;KEN;2020;YR2020;4.49248838;86.59217834;49.19530869;2.2100935;42.59929056;29.13212734;33.64290619;14.86076451;23.33247185;20.2040972;..;..;..;61.596;36.9;184;42.8
Kiribati;KIR;2020;YR2020;13.53000164;239.24353027;69.73468018;9.41357994;166.45511354;6.75211672;2.82873058;66.03629095;0.68435019;1.63726341;..;..;..;65.205;41.9;89;58.6
Korea, Dem. People's Rep.;PRK;2020;YR2020;..;..;..;..;..;..;..;..;..;..;..;..;..;72.783;14.1;66;17.4
Korea, Rep.;KOR;2020;YR2020;8.3554945;2649.33422852;59.32291031;4.95672226;1571.66225726;1077.67203303;40.67708588;0;30.47086143;807.27497784;2.508;12.65;8.53;83.4268292682927;2.5;12;3
Kosovo;XKX;2020;YR2020;..;..;..;..;..;..;..;..;..;..;..;..;..;74.212;9.6;..;10.5
Kuwait;KWT;2020;YR2020;6.23488235;1523.4276123;89.62411499;5.58795834;1365.35850189;158.06908074;10.37588406;0;9.38545799;142.98065011;2.293;2.35;4.587;78.7609756097561;7.7;33;8.9
Kyrgyz Republic;KGZ;2020;YR2020;4.94803715;61.40720367;44.83551025;2.21847796;27.53223833;28.24348873;45.99376297;5.63147707;45.90539932;28.1892236;..;4.19;4.423;71.8;15.6;55;17.8
Lao PDR;LAO;2020;YR2020;2.05965185;51.96581268;38.45669556;0.79207379;19.98432799;22.80213717;43.8791275;9.17934542;41.05789185;21.33606622;0.357;1.27;1.183;68.339;39;132;43.4
Latvia;LVA;2020;YR2020;7.28520584;1313.35412598;63.4407692;4.62179041;833.20197511;477.94988585;36.39154434;2.20235728;31.87391663;418.61741587;3.345;5.3;4.4;75.1853658536585;3.2;21;3.7
Lebanon;LBN;2020;YR2020;7.57650805;518.296875;44.43261719;3.36644053;230.29285193;235.20614878;45.38058472;52.79786425;30.31226349;157.10750717;..;2.73;..;76.299;13.5;27;15.5
Lesotho;LSO;2020;YR2020;10.45941448;97.32032776;46.57978439;4.87197256;45.33159683;16.00466721;16.44534874;35.98406175;15.98415565;15.55583255;..;..;..;55.133;61.2;529;66.8
Liberia;LBR;2020;YR2020;12.90504265;76.11009979;10.2520752;1.32303464;7.80286407;54.56125874;71.68728638;13.74597461;63.21783829;48.11515654;0.153;..;0.646;61.267;56.8;664;79.7
Libya;LBY;2020;YR2020;7.10674047;472.62240601;78.61562347;5.58700848;371.55503051;99.91877644;21.14135551;1.14859983;21.1413517;99.91876382;..;3.2;..;72.388;9;71;11.2
Liechtenstein;LIE;2020;YR2020;..;..;..;..;..;..;..;..;..;..;..;..;..;81.6585365853659;..;..;..
Lithuania;LTU;2020;YR2020;7.47439718;1520.39221191;68.69542694;5.13456917;1044.44000663;467.33679131;30.73790932;8.61548075;28.66090393;435.75817692;4.442;5.96;8.046;75.0292682926829;3.1;8;3.7
Luxembourg;LUX;2020;YR2020;5.76488066;6785.86230469;87.36024475;5.03621387;5928.14562267;773.68708373;11.40145588;84.02957333;8.38729095;569.14999484;..;4.19;..;82.1439024390244;2.1;6;2.5
Macao SAR, China;MAC;2020;YR2020;..;..;..;..;..;..;..;..;..;..;..;..;..;84.1292682926829;..;..;..
Madagascar;MDG;2020;YR2020;3.72316122;16.78295326;18.52955818;0.68988532;3.10980719;6.0196607;35.8677063;7.6534852;30.93841553;5.1923801;..;..;..;62.706;44.7;447;66.3
Malawi;MWI;2020;YR2020;7.17979383;43.22896194;21.75892258;1.56224585;9.4061562;10.41211455;24.08596992;23.4106904;13.36182404;5.77617765;0.049;..;0.7;65.216;32.3;256;43.1
Malaysia;MYS;2020;YR2020;4.08254337;406.52005005;53.29985046;2.17598939;216.67458374;189.79364983;46.68740082;0.05183064;34.24639893;139.21848086;2.228;1.97;..;76.057;6.7;29;8.1
Maldives;MDV;2020;YR2020;11.3365984;845.82440186;79.9908371;9.06823921;676.58197818;154.90885201;18.31454086;14.3335552;16.90793228;143.01140882;..;5.04;4.897;78.713;6;48;6.9
Mali;MLI;2020;YR2020;3.47597885;28.20211601;40.00576401;1.39059198;11.28247208;15.16209532;53.76226044;1.7575492;44.73706055;12.61679719;..;..;..;58.858;62.1;405;100
Malta;MLT;2020;YR2020;10.60137844;3135.40527344;66.6924057;7.07031441;2091.07720904;1044.32804711;33.3075943;0;30.30360985;950.14099287;4.187;4.38;8.508;82.0975609756098;5.2;10;6
Marshall Islands;MHL;2020;YR2020;12.17444134;687.02435303;43.32521057;5.27460241;297.6547364;16.40318177;2.38756943;372.96641027;1.3037374;8.95699296;..;..;..;65.387;25.8;178;31
Mauritania;MRT;2020;YR2020;3.00147843;53.89974594;33.44326782;1.00379241;18.0258376;33.65032112;62.43131256;2.22358927;61.51318359;33.15545185;0.208;..;1.182;66.794;33.8;413;41.7
Mauritius;MUS;2020;YR2020;6.09606028;541.95184326;48.1141777;2.93306947;260.75567198;280.08015192;51.67989731;1.11601956;43.58466339;236.20789106;2.658;3.64;..;74.1770731707317;14.1;58;15.8
Mexico;MEX;2020;YR2020;6.0537405;535.11669922;52.88224792;3.20135403;282.98171745;252.02438565;47.09709167;0.11057878;38.76134109;207.4183974;2.441;1;2.956;70.449;11.8;61;13.8
Micronesia, Fed. Sts.;FSM;2020;YR2020;12.01537514;402.98059082;14.71655083;1.7682488;59.30484193;50.8230086;12.61177635;292.85274067;2.66071606;10.72216938;0.963;..;..;65.878;22.9;150;25.5
Moldova;MDA;2020;YR2020;7.00484037;306.64892578;64.81729126;4.54034805;198.76154015;98.4044393;32.09025955;9.48294639;30.92627144;94.83508483;4.057;5.57;6.118;69.914;13.7;29;14.9
Monaco;MCO;2020;YR2020;4.27929592;7579.64404297;88.02817535;3.76698613;6672.22234845;907.42152304;11.97182274;..;5.98073864;453.3187084;8.889;..;..;86.089;2.5;24;3
Mongolia;MNG;2020;YR2020;4.6662488;188.77464294;55.06032181;2.56925178;103.93992468;84.83472675;44.93968582;..;43.71080399;82.51491637;3.774;8.22;..;71.3490243902439;12.2;47;14.8
Montenegro;MNE;2020;YR2020;11.42177582;896.24884033;62.46549606;7.13466835;559.84619551;336.40260123;37.53451538;..;36.5496254;327.57558122;2.736;3.81;5.364;75.9317073170732;2.5;15;3
Morocco;MAR;2020;YR2020;5.59079361;185.45245361;44.09963226;2.46551943;81.78385481;99.70592799;53.76360321;3.96267671;41.28748322;76.5686563;..;0.73;..;73.133;17.3;81;18.6
Mozambique;MOZ;2020;YR2020;7.54172373;34.87546539;31.60441971;2.38351798;11.02218972;5.74640511;16.4769249;18.10687298;10.32057858;3.59935021;0.083;0.7;0.486;61.39;49.1;123;67.3
Myanmar;MMR;2020;YR2020;4.38807583;66.02284241;16.65261078;0.73072922;10.99452676;50.93291678;77.14438629;4.09539785;72.57280731;47.91462993;..;1.06;..;66.612;37.6;198;42.9
Namibia;NAM;2020;YR2020;8.88723373;344.69924927;50.12692261;4.45489693;172.78713565;157.02032705;45.552845;14.8917977;7.49656057;25.84058887;0.416;..;2.589;64.071;43.1;143;45.7
Nauru;NRU;2020;YR2020;11.55650234;1270.52563477;85.49394226;9.88010979;1086.22240592;39.53846829;3.11197734;144.76467053;0.77799612;9.88463947;..;..;..;61.527;10.3;309;11.1
Nepal;NPL;2020;YR2020;5.2080965;59.07941437;30.05291367;1.5651871;17.75511182;35.09158806;59.39722824;6.23271724;54.17097092;32.00389257;0.846;0.28;3.318;69.106;26.1;153;29.9
Netherlands;NLD;2020;YR2020;11.22355747;5865.90527344;68.93029785;7.7364316;4043.38593465;1821.14107746;31.04620934;1.37791254;9.27974606;544.34106931;3.849;2.91;11.34;81.3585365853659;3.5;4;4
New Caledonia;NCL;2020;YR2020;..;..;..;..;..;..;..;..;..;..;..;..;..;77.049;..;..;..
New Zealand;NZL;2020;YR2020;10.05994129;4214.57177734;77.85173798;7.83183956;3281.11788212;933.45417191;22.14825439;..;11.4149332;481.09058745;3.448;2.51;11.22;82.2560975609756;4.2;8;5
Nicaragua;NIC;2020;YR2020;8.58996105;165.88038635;61.83810425;5.31186867;102.57729743;56.2195223;33.89159775;7.08357961;32.27201843;53.53295677;..;0.94;..;70.766;11.6;87;15.1
Niger;NER;2020;YR2020;6.17007589;35.75509644;37.49806595;2.31365919;13.40747041;16.71972833;46.76180267;5.62789923;43.54892731;15.57096206;0.034;0.27;..;59.89;69.4;388;120.6
Nigeria;NGA;2020;YR2020;3.38063431;67.91384888;14.96697235;0.50597858;10.16464764;51.24075732;75.44963837;6.50844471;74.67578125;50.71519817;..;..;..;53.072;64.7;1065;114.4
North Macedonia;MKD;2020;YR2020;7.73212385;510.81011963;60.3956871;4.66986942;308.50728035;202.30282936;39.60430908;..;38.87190628;198.56162776;2.964;4.22;4.832;74.3951219512195;5.2;7;5.9
Northern Mariana Islands;MNP;2020;YR2020;..;..;..;..;..;..;..;..;..;..;..;..;..;78.03;..;..;..
Norway;NOR;2020;YR2020;11.42416382;7824.57714844;85.96683502;9.82099152;6726.54114666;1098.03595393;14.03316689;0;13.78762722;1078.82354;5.086;3.4;18.56;83.209756097561;1.9;2;2.4
Oman;OMN;2020;YR2020;5.11922884;859.24969482;89.12307739;4.56241417;765.78978619;93.45995214;10.87692547;0;5.20750284;44.74545447;1.994;1.16;4.426;77.763;8.6;32;10.7
Pakistan;PAK;2020;YR2020;2.95273018;36.9091301;35.20631409;1.03954744;12.99434432;21.585697;58.48335648;2.32908759;55.23900604;20.38823538;..;..;..;65.701;55.1;178;64.6
Palau;PLW;2020;YR2020;13.33730412;1934.02905273;41.71516418;5.56367779;806.78334308;726.78087427;37.57859421;400.46475944;16.12763977;311.91321942;1.778;..;6.5;68.689;19.9;117;23.3
Panama;PAN;2020;YR2020;10.21630001;1358.4498291;54.25771332;5.54313087;737.06378746;618.05932372;45.49739838;3.32670936;39.5986557;537.92783946;1.629;1.92;3.539;76.33;12.2;74;15.2
Papua New Guinea;PNG;2020;YR2020;2.30193973;55.92817688;68.72771454;1.58207059;38.43816036;5.83000575;10.42409325;11.66001239;10.4240942;5.8300062;..;..;..;65.075;35.1;194;44.5
Paraguay;PRY;2020;YR2020;7.67533064;411.81765747;53.8502121;4.13318157;221.76470021;190.03734645;46.14598846;0.01563442;37.87582779;155.97936566;1.133;1.01;..;72.72;16.7;69;18.8
Peru;PER;2020;YR2020;6.36273861;399.59625244;68.53755951;4.36086607;273.87351015;124.8669816;31.2482872;0.85574888;22.47286987;89.80073756;..;1.64;..;73.832;14.1;75;16.6
Philippines;PHL;2020;YR2020;5.16214037;166.61218262;45.19945526;2.33325934;75.30780071;90.0761963;54.06339264;1.22817871;44.56456757;74.24999737;0.752;0.99;4.776;70.097;22.8;88;27.9
Poland;POL;2020;YR2020;6.49677992;1025.98486328;71.89422607;4.67080927;737.62386354;287.73737115;28.04499245;0.6236635;19.53498077;200.42594162;3.281;6.11;6.208;76.4;3.8;3;4.4
Portugal;PRT;2020;YR2020;10.54770088;2346.33081055;64.22454834;6.77422571;1506.92303663;837.67715228;35.7015152;1.73061629;28.01858902;657.4087645;5.615;3.53;7.552;81.3292682926829;2.7;14;3.4
Puerto Rico (US);PRI;2020;YR2020;..;..;..;..;..;..;..;..;..;..;..;..;..;80.009;..;11;..
Qatar;QAT;2020;YR2020;3.81872201;1967.15197754;86.67664337;3.30993986;1705.06127011;262.09065642;13.32335567;0;5.89859581;116.03434849;..;..;..;80.409;5.2;6;6.4
Romania;ROU;2020;YR2020;6.22618055;809.58880615;80.07714844;4.98574924;648.29580395;160.04972163;19.76925468;1.24327697;19.02618599;154.03386168;3.298;7.06;7.815;74.2536585365854;5.4;16;6.6
Russian Federation;RUS;2020;YR2020;8.04076004;814.94451904;73.57527161;5.91601133;599.59765014;215.34686575;26.42472649;..;24.88454437;202.79523773;3.827;7.08;6.242;71.3387804878049;4.4;19;5.4
Rwanda;RWA;2020;YR2020;7.48696899;58.29339218;40.42213058;3.02639246;23.56343068;13.84119738;23.74402618;20.88876323;10.47343636;6.10532107;..;0.74;..;66.953;31.5;252;42.5
Samoa;WSM;2020;YR2020;6.18667269;256.74545288;76.18079376;4.71305609;195.59073246;29.51500236;11.49582195;31.63973645;10.81952477;27.77864027;0.554;..;3.015;70.727;13.8;114;17
San Marino;SMR;2020;YR2020;8.48147392;3758.609375;89.74449158;7.61165524;3373.14494003;385.46451733;10.25550842;..;10.25551033;385.46457474;..;..;..;82.65;1.5;46;1.6
Sao Tome and Principe;STP;2020;YR2020;7.32044411;159.84396362;40.54506683;2.96807909;64.80884234;21.88232352;13.68980312;73.15279033;11.84764099;18.93773893;..;..;..;67.979;10.7;92;16
Saudi Arabia;SAU;2020;YR2020;6.64630127;1574.70068359;78.2905426;5.20342541;1232.84172529;341.85896261;21.7094574;0;10.08158016;158.75470742;2.648;2.18;5.464;77.596;5.5;11;6.9
Senegal;SEN;2020;YR2020;5.15119171;75.16521454;33.42175674;1.72161877;25.12153543;37.40920306;49.76930237;12.6344765;41.57304764;31.24847211;0.084;..;0.357;67.496;33.9;252;44.6
Serbia;SRB;2020;YR2020;8.70042229;670.19439697;60.94442368;5.30239058;408.44365486;256.6196517;38.29056168;5.13109319;36.03842545;241.5275171;2.699;5.35;5.933;74.4780487804878;4.7;16;5.5
Seychelles;SYC;2020;YR2020;6.03121805;693.1987915;77.30052948;4.66216326;535.84629037;155.06020196;22.36879349;2.29227369;21.04442215;145.8796695;..;3.19;..;77.2365853658537;13.6;51;14.8
Sierra Leone;SLE;2020;YR2020;9.32588673;47.8861618;14.62678528;1.36407745;7.00420642;25.60214149;53.46459198;15.27981379;52.34044266;25.06383033;0.07;..;0.204;59.694;61.9;422;105.1
Singapore;SGP;2020;YR2020;5.61608791;3492.35986328;60.75846481;3.41224885;2121.90417191;1370.45555092;39.24153519;0;24.76644135;864.93322481;2.508;2.63;..;83.5439024390244;1.9;13;2.3
Sint Maarten (Dutch part);SXM;2020;YR2020;..;..;..;..;..;..;..;..;..;..;..;..;..;75.002;..;..;..
Slovak Republic;SVK;2020;YR2020;7.12650204;1393.62438965;80.2713623;5.72054005;1118.68125252;274.94314594;19.72864151;..;18.75167656;261.32794126;3.67;5.68;6.117;76.8658536585366;4.9;4;5.9
Slovenia;SVN;2020;YR2020;9.42807865;2417.20874023;72.57459259;6.84238958;1754.27938972;657.52694479;27.20191193;5.40236535;12.47413063;301.5257516;3.279;4.25;10.54;80.5317073170732;1.9;12;2.4
Solomon Islands;SLB;2020;YR2020;4.89478445;100.99560547;74.03403473;3.62380624;74.77112089;3.51278234;3.47815371;22.71170306;3.42718005;3.4613012;..;..;..;69.258;17.9;131;22.4
Somalia;SOM;2020;YR2020;2.24750042;12.42313194;6.6625247;0.14974026;0.82769424;6.14198271;49.439888;5.45345514;48.49442291;6.02452649;..;..;..;57.095;73.7;655;114.4
South Africa;ZAF;2020;YR2020;9.01329231;503.46759033;64.78907776;5.83962917;326.19200345;168.53705029;33.47525406;8.73851567;6.42942715;32.37008137;..;..;1.038;65.15;25;118;34.1
South Sudan;SSD;2020;YR2020;9.31798267;47.23431778;7.70781231;0.7182126;3.64073246;22.64656682;47.9451561;20.94701965;39.62005615;18.71426256;0.043;..;0.712;57.648;72.6;729;98.7
Spain;ESP;2020;YR2020;10.73210335;2898.00537109;73.17020416;7.85270214;2120.47655849;777.52885064;26.82979202;..;19.73453331;571.90783449;4.577;2.95;6.29;82.2317073170732;2.6;4;3.2
Sri Lanka;LKA;2020;YR2020;4.06134748;152.001297;48.9367218;1.9874903;74.38444767;75.03552162;49.36505508;2.58132866;43.76281738;66.52004545;1.212;4.02;2.461;76.928;6;23;6.9
St. Kitts and Nevis;KNA;2020;YR2020;5.66188908;1067.96020508;53.81437683;3.04691052;574.71613928;493.24404306;46.18561935;0;42.20227051;450.70347921;..;4.32;..;71.181;15.5;80;17.7
St. Lucia;LCA;2020;YR2020;6.75983715;577.55700684;44.1080513;2.98163247;254.74912108;238.63651915;41.31826401;84.17132444;35.66007996;205.9572872;..;1.74;..;72.308;14.8;43;16.3
St. Martin (French part);MAF;2020;YR2020;..;..;..;..;..;..;..;..;..;..;..;..;..;80.085;..;..;..
St. Vincent and the Grenadines;VCT;2020;YR2020;4.8395834;406.3571167;67.3024826;3.25715971;273.48841336;120.66332454;29.69391251;12.20537167;26.89971542;109.30890505;..;3.98;..;69.605;11.4;57;12.3
Sudan;SDN;2020;YR2020;3.00965381;22.17246819;34.17627716;1.02858758;7.57772473;13.06547207;58.92655563;1.52927107;52.96360779;11.74333959;..;0.66;..;65.124;42.8;273;55.3
Suriname;SUR;2020;YR2020;6.67584229;453.44619751;64.9444809;4.33559132;294.48827907;154.0963551;33.98338318;4.86155769;20.23723793;91.7649876;..;2.89;..;72.321;16.6;94;17.8
Sweden;SWE;2020;YR2020;11.33296967;6003.09375;86.17955017;9.7667017;5173.43901633;829.65477851;13.82045364;..;12.83151436;770.28784193;4.313;2.05;11.41;82.3560975609756;2.1;5;2.6
Switzerland;CHE;2020;YR2020;12.00404072;10348.34667969;35.90325165;4.30984116;3715.39308127;6632.95356434;64.09674835;0;20.65158081;2137.09712488;4.389;4.48;18.71;83;3.5;5;4
Syrian Arab Republic;SYR;2020;YR2020;3.71555972;30.63546944;43.25139618;1.60703158;13.25026865;14.63218394;47.76223373;2.75301549;47.76223755;14.63218506;..;1.39;..;71.944;20.4;23;22.4
Tajikistan;TJK;2020;YR2020;8.8903532;74.17329407;24.19561386;2.1510756;17.9466832;50.48864229;68.06848907;5.73797;67.958992;50.40742347;2.119;4.36;5.372;68.605;23.2;25;28
Tanzania;TZA;2020;YR2020;3.05195832;31.72098923;28.23085022;0.86159378;8.95510561;9.56217994;30.14464378;13.20370399;29.07090378;9.22157876;..;0.63;..;66.771;33.5;160;44.2
Thailand;THA;2020;YR2020;4.35724688;304.3817749;70.36411285;3.06593847;214.17553686;89.96518062;29.55669212;0.24103837;10.54276752;32.09026306;0.928;2.33;..;77.331;8.8;36;10.1
Timor-Leste;TLS;2020;YR2020;9.93865013;118.49451447;55.2783699;5.49392366;65.50183356;7.92048432;6.68426275;45.072197;6.68425894;7.92047983;0.767;..;1.773;66.919;38.9;257;54.2
Togo;TGO;2020;YR2020;6.18928432;52.75213242;14.74263954;0.91246384;7.77705603;37.01554605;70.16882324;7.95952933;64.32513428;33.93287673;0.081;..;0.497;61.123;39.1;398;64.3
Tonga;TON;2020;YR2020;5.56259537;256.30737305;55.02754593;3.06095958;141.03965237;20.31744841;7.92698574;94.95026674;4.45182133;11.41034579;0.95;..;4.558;72.379;8.7;74;10.8
Trinidad and Tobago;TTO;2020;YR2020;7.48661852;1051.83642578;46.42720795;3.47582793;488.33829388;563.11934434;53.53678131;0.37873713;46.0721817;484.60399518;4.193;1.92;..;72.645;18.6;35;20.6
Tunisia;TUN;2020;YR2020;7.05022287;250.46203613;61.1341362;4.31009293;153.11779029;96.24878473;38.42849731;1.09544614;33.43321228;83.73750048;1.295;2.38;2.042;75.004;13.5;40;16
Turkiye;TUR;2020;YR2020;4.61640215;386.2593689;78.84537506;3.63981962;304.54764834;81.71171779;21.15462494;..;16.43061447;63.46478374;2.036;2.99;3.403;76.525;8.7;19;10.5
Turkmenistan;TKM;2020;YR2020;5.57226086;420.0083313;18.37001038;1.0236249;77.15557434;342.10118095;81.4510498;0.75156735;76.36035919;320.71985466;2.179;4.09;3.991;68.846;33.2;5;42.6
Turks and Caicos Islands;TCA;2020;YR2020;..;..;..;..;..;..;..;..;..;..;..;..;..;77.499;4.3;..;6.1
Tuvalu;TUV;2020;YR2020;18.59855461;923.06542969;81.57064819;15.17096138;752.95048789;4.24986783;0.46040806;165.86508162;0.39560601;3.65170248;1.261;..;3.694;66.357;18.8;206;21.9
Uganda;UGA;2020;YR2020;5.23698568;44.73381805;22.73633385;1.1906985;10.17083024;13.98532613;31.26342964;20.57766112;29.9383831;13.39258192;0.158;..;1.686;66.41;30.6;209;43.5
Ukraine;UKR;2020;YR2020;7.56217051;265.07846069;49.28601456;3.72709227;130.64660846;134.43186123;50.71398926;..;47.86013412;126.86690372;..;6.26;..;73.283;8.1;18;8.4
United Arab Emirates;ARE;2020;YR2020;5.82477045;2154.41113281;60.98609543;3.55229998;1313.89126482;840.51986979;39.01390076;0;11.21054459;241.52122928;2.879;1.94;6.357;81.936;4.7;6;6
United Kingdom;GBR;2020;YR2020;11.96547699;4816.15283203;85.02536011;10.17368984;4094.95154848;720.74561127;14.96517277;0.45574238;11.45006847;551.45282145;3.041;2.43;8.962;80.331756097561;3.9;14;4.4
United States;USA;2020;YR2020;18.8132534;11672.77050781;57.04175568;10.73141003;6658.35288112;5014.41716617;42.95824432;0;10.05207443;1173.35549796;3.555;2.74;12.47;76.9804878048781;5.5;22;6.5
Uruguay;URY;2020;YR2020;9.06924915;1432.00463867;71.58508301;6.49222994;1025.10172318;406.90292809;28.41491699;0;16.74065208;239.72692375;..;2.49;..;78.381;6;20;7.1
Uzbekistan;UZB;2020;YR2020;6.71439123;120.29019165;46.15740204;3.0991888;55.52282776;64.70920444;53.79425049;0.05815887;53.11314392;63.88990019;2.784;4.78;5.756;71.461;14.2;29;15
Vanuatu;VUT;2020;YR2020;4.12128973;125.41011047;62.41287613;2.57221556;78.27205525;14.40852052;11.48912239;32.72953385;8.40006351;10.53452916;..;..;..;70.385;14.8;107;17.7
Venezuela, RB;VEN;2020;YR2020;4.11615229;153.24269104;37.28844833;1.53484929;57.14182636;95.9282441;62.59889603;0.17263492;28.95287514;44.36816782;..;0.99;..;72.369;21.5;207;24.3
Viet Nam;VNM;2020;YR2020;4.33219814;153.10160828;41.33344269;1.79064679;63.2821638;87.24885177;56.98754883;2.57058662;42.40335083;64.9202123;..;..;..;75.383;14.7;51;21
Virgin Islands (U.S.);VIR;2020;YR2020;..;..;..;..;..;..;..;..;..;..;..;..;..;79.819512195122;..;..;..
West Bank and Gaza;PSE;2020;YR2020;10.27610207;314.82254028;37.50418472;3.85396838;118.07163039;157.7140115;50.09616089;39.03690796;38.39196014;120.86655363;..;..;..;74.998;13.2;20;15.2
Yemen, Rep.;YEM;2020;YR2020;5.77270842;32.30203629;6.73523283;0.38880539;2.17561756;22.88564683;70.84892273;7.24077373;69.91931152;22.58536249;..;..;..;66.435;37.4;135;43.2
Zambia;ZMB;2020;YR2020;6.3067441;60.01779938;56.98109055;3.59365153;34.19879606;6.01106737;10.01547432;19.80793504;8.11366367;4.86964251;0.255;..;1.637;63.361;34.5;99;52.4
Zimbabwe;ZWE;2020;YR2020;2.95440149;51.14250565;22.09209633;0.65268922;11.29845171;11.37067929;22.23332405;28.47337468;10.40830708;5.32306907;0.189;..;2.029;61.53;44.9;380;50.1
;;;;;;;;;;;;;;;;;;;;
;;;;;;;;;;;;;;;;;;;;
;;;;;;;;;;;;;;;;;;;;
Data from database: Health Nutrition and Population Statistics;;;;;;;;;;;;;;;;;;;;
Last Updated: 07/02/2025;;;;;;;;;;;;;;;;;;;;